class;maximumDIT;minimumDIT;fileType;;;;
/AnkiDroid;1;8;4;;;;
/AnkiDroid/gen/com/ichi2/anki;2;2;2;;;;
/AnkiDroid/gen/com/ichi2/anki/BuildConfig.java;2;2;1;;;;
/AnkiDroid/src/com/hlidskialf/android/preference;4;4;2;;;;
/AnkiDroid/src/com/hlidskialf/android/preference/SeekBarPreference.java;4;4;1;;;;
/AnkiDroid/src/com/ichi2/anim;2;2;2;;;;
/AnkiDroid/src/com/ichi2/anim/ActivityTransitionAnimation.java;2;2;1;;;;
/AnkiDroid/src/com/ichi2/anim/ViewAnimation.java;2;2;1;;;;
/AnkiDroid/src/com/ichi2/anki;1;8;2;;;;
/AnkiDroid/src/com/ichi2/anki/AbstractFlashcardViewer.java;2;6;1;;;;
/AnkiDroid/src/com/ichi2/anki/AbstractFlashcardViewer.java/AbstractFlashcardViewer;3;3;-1;;;;
/AnkiDroid/src/com/ichi2/anki/AbstractFlashcardViewer.java/AbstractFlashcardViewer/AnkiDroidWebChromeClient;3;3;-1;;;;
/AnkiDroid/src/com/ichi2/anki/AbstractFlashcardViewer.java/AbstractFlashcardViewer/createWebView/;3;3;-1;;;;
/AnkiDroid/src/com/ichi2/anki/AbstractFlashcardViewer.java/AbstractFlashcardViewer/createWhiteboard/;2;2;-1;;;;
/AnkiDroid/src/com/ichi2/anki/AbstractFlashcardViewer.java/AbstractFlashcardViewer/initControls/;2;2;-1;;;;
/AnkiDroid/src/com/ichi2/anki/AbstractFlashcardViewer.java/AbstractFlashcardViewer/initLayout/;2;2;-1;;;;
/AnkiDroid/src/com/ichi2/anki/AbstractFlashcardViewer.java/AbstractFlashcardViewer/longClickTestRunnable/;2;2;-1;;;;
/AnkiDroid/src/com/ichi2/anki/AbstractFlashcardViewer.java/AbstractFlashcardViewer/mAnswerCardHandler/;3;3;-1;;;;
/AnkiDroid/src/com/ichi2/anki/AbstractFlashcardViewer.java/AbstractFlashcardViewer/mCardStatisticsListener/;2;2;-1;;;;
/AnkiDroid/src/com/ichi2/anki/AbstractFlashcardViewer.java/AbstractFlashcardViewer/mDismissCardHandler/;3;3;-1;;;;
/AnkiDroid/src/com/ichi2/anki/AbstractFlashcardViewer.java/AbstractFlashcardViewer/mFlipCardListener/;2;2;-1;;;;
/AnkiDroid/src/com/ichi2/anki/AbstractFlashcardViewer.java/AbstractFlashcardViewer/mGestureListener/;2;2;-1;;;;
/AnkiDroid/src/com/ichi2/anki/AbstractFlashcardViewer.java/AbstractFlashcardViewer/mLongClickListener/;2;2;-1;;;;
/AnkiDroid/src/com/ichi2/anki/AbstractFlashcardViewer.java/AbstractFlashcardViewer/mMarkCardHandler/;3;3;-1;;;;
/AnkiDroid/src/com/ichi2/anki/AbstractFlashcardViewer.java/AbstractFlashcardViewer/mSelectEaseHandler/;2;2;-1;;;;
/AnkiDroid/src/com/ichi2/anki/AbstractFlashcardViewer.java/AbstractFlashcardViewer/mShowAnswerTask/;2;2;-1;;;;
/AnkiDroid/src/com/ichi2/anki/AbstractFlashcardViewer.java/AbstractFlashcardViewer/mShowQuestionTask/;2;2;-1;;;;
/AnkiDroid/src/com/ichi2/anki/AbstractFlashcardViewer.java/AbstractFlashcardViewer/mSimpleInterfaceImagegetter/;2;2;-1;;;;
/AnkiDroid/src/com/ichi2/anki/AbstractFlashcardViewer.java/AbstractFlashcardViewer/mSimpleInterfaceTagHandler/;2;2;-1;;;;
/AnkiDroid/src/com/ichi2/anki/AbstractFlashcardViewer.java/AbstractFlashcardViewer/mUpdateCardHandler/;3;3;-1;;;;
/AnkiDroid/src/com/ichi2/anki/AbstractFlashcardViewer.java/AbstractFlashcardViewer/MyGestureDetector;3;3;-1;;;;
/AnkiDroid/src/com/ichi2/anki/AbstractFlashcardViewer.java/AbstractFlashcardViewer/MyWebView;6;6;-1;;;;
/AnkiDroid/src/com/ichi2/anki/AbstractFlashcardViewer.java/AbstractFlashcardViewer/MyWebView/scrollXRunnable/;2;2;-1;;;;
/AnkiDroid/src/com/ichi2/anki/AbstractFlashcardViewer.java/AbstractFlashcardViewer/MyWebView/scrollYRunnable/;2;2;-1;;;;
/AnkiDroid/src/com/ichi2/anki/AbstractFlashcardViewer.java/AbstractFlashcardViewer/registerExternalStorageListener/;3;3;-1;;;;
/AnkiDroid/src/com/ichi2/anki/AbstractFlashcardViewer.java/AbstractFlashcardViewer/removeChosenAnswerText/;2;2;-1;;;;
/AnkiDroid/src/com/ichi2/anki/AbstractFlashcardViewer.java/AbstractFlashcardViewer/ScrollTextView;4;4;-1;;;;
/AnkiDroid/src/com/ichi2/anki/AbstractFlashcardViewer.java/AbstractFlashcardViewer/ScrollTextView/scrollXRunnable/;2;2;-1;;;;
/AnkiDroid/src/com/ichi2/anki/AbstractFlashcardViewer.java/AbstractFlashcardViewer/ScrollTextView/scrollYRunnable/;2;2;-1;;;;
/AnkiDroid/src/com/ichi2/anki/AbstractFlashcardViewer.java/AbstractFlashcardViewer/sHandler/;3;3;-1;;;;
/AnkiDroid/src/com/ichi2/anki/AbstractFlashcardViewer.java/AbstractFlashcardViewer/showDeleteNoteDialog/;2;2;-1;;;;
/AnkiDroid/src/com/ichi2/anki/AbstractFlashcardViewer.java/AbstractFlashcardViewer/startLongClickAction/;2;2;-1;;;;
/AnkiDroid/src/com/ichi2/anki/AnkiActivity.java;1;2;1;;;;
/AnkiDroid/src/com/ichi2/anki/AnkiActivity.java/AnkiActivity;1;1;-1;;;;
/AnkiDroid/src/com/ichi2/anki/AnkiActivity.java/AnkiActivity/showOpeningCollectionDialog/;2;2;-1;;;;
/AnkiDroid/src/com/ichi2/anki/AnkiDatabaseManager.java;2;2;1;;;;
/AnkiDroid/src/com/ichi2/anki/AnkiDb.java;2;2;1;;;;
/AnkiDroid/src/com/ichi2/anki/AnkiDroidApp.java;5;5;1;;;;
/AnkiDroid/src/com/ichi2/anki/AnkiFont.java;2;2;1;;;;
/AnkiDroid/src/com/ichi2/anki/BackupManager.java;2;3;1;;;;
/AnkiDroid/src/com/ichi2/anki/BackupManager.java/BackupManager;2;2;-1;;;;
/AnkiDroid/src/com/ichi2/anki/BackupManager.java/BackupManager/performBackupInBackground/;3;3;-1;;;;
/AnkiDroid/src/com/ichi2/anki/CardBrowser.java;1;3;1;;;;
/AnkiDroid/src/com/ichi2/anki/CardBrowser.java/CardBrowser;3;3;-1;;;;
/AnkiDroid/src/com/ichi2/anki/CardBrowser.java/CardBrowser/DeckDropDownAdapter;3;3;-1;;;;
/AnkiDroid/src/com/ichi2/anki/CardBrowser.java/CardBrowser/DeckDropDownViewHolder;2;2;-1;;;;
/AnkiDroid/src/com/ichi2/anki/CardBrowser.java/CardBrowser/mContextMenuListener/;2;2;-1;;;;
/AnkiDroid/src/com/ichi2/anki/CardBrowser.java/CardBrowser/mContextMenuListener//onClick/;2;2;-1;;;;
/AnkiDroid/src/com/ichi2/anki/CardBrowser.java/CardBrowser/mDeleteNoteHandler/;3;3;-1;;;;
/AnkiDroid/src/com/ichi2/anki/CardBrowser.java/CardBrowser/mRenderQAHandler/;3;3;-1;;;;
/AnkiDroid/src/com/ichi2/anki/CardBrowser.java/CardBrowser/mSearchCardsHandler/;3;3;-1;;;;
/AnkiDroid/src/com/ichi2/anki/CardBrowser.java/CardBrowser/mSearchCardsHandler//onPreExecute/;2;2;-1;;;;
/AnkiDroid/src/com/ichi2/anki/CardBrowser.java/CardBrowser/mSuspendCardHandler/;3;3;-1;;;;
/AnkiDroid/src/com/ichi2/anki/CardBrowser.java/CardBrowser/MultiColumnListAdapter;3;3;-1;;;;
/AnkiDroid/src/com/ichi2/anki/CardBrowser.java/CardBrowser/mUpdateCardHandler/;3;3;-1;;;;
/AnkiDroid/src/com/ichi2/anki/CardBrowser.java/CardBrowser/onCollectionLoaded/;2;2;-1;;;;
/AnkiDroid/src/com/ichi2/anki/CardBrowser.java/CardBrowser/onCollectionLoaded/;2;2;-1;;;;
/AnkiDroid/src/com/ichi2/anki/CardBrowser.java/CardBrowser/onCollectionLoaded/;2;2;-1;;;;
/AnkiDroid/src/com/ichi2/anki/CardBrowser.java/CardBrowser/onCreateDialog/;2;2;-1;;;;
/AnkiDroid/src/com/ichi2/anki/CardBrowser.java/CardBrowser/onCreateOptionsMenu/;1;1;-1;;;;
/AnkiDroid/src/com/ichi2/anki/CardBrowser.java/CardBrowser/onCreateOptionsMenu/;1;1;-1;;;;
/AnkiDroid/src/com/ichi2/anki/CardBrowser.java/CardBrowser/onCreateOptionsMenu/;2;2;-1;;;;
/AnkiDroid/src/com/ichi2/anki/CardBrowser.java/CardBrowser/registerExternalStorageListener/;3;3;-1;;;;
/AnkiDroid/src/com/ichi2/anki/CardBrowser.java/CardBrowser/showDialogFragment/;2;2;-1;;;;
/AnkiDroid/src/com/ichi2/anki/CardEditor.java;1;3;1;;;;
/AnkiDroid/src/com/ichi2/anki/CardEditor.java/CardEditor;2;2;-1;;;;
/AnkiDroid/src/com/ichi2/anki/CardEditor.java/CardEditor/createDialogIntentInformation/;2;2;-1;;;;
/AnkiDroid/src/com/ichi2/anki/CardEditor.java/CardEditor/createDialogIntentInformation/;2;2;-1;;;;
/AnkiDroid/src/com/ichi2/anki/CardEditor.java/CardEditor/createDialogIntentInformation/;2;2;-1;;;;
/AnkiDroid/src/com/ichi2/anki/CardEditor.java/CardEditor/initFieldEditText/;2;2;-1;;;;
/AnkiDroid/src/com/ichi2/anki/CardEditor.java/CardEditor/JSONNameComparator;2;2;-1;;;;
/AnkiDroid/src/com/ichi2/anki/CardEditor.java/CardEditor/mSaveFactHandler/;3;3;-1;;;;
/AnkiDroid/src/com/ichi2/anki/CardEditor.java/CardEditor/onCollectionLoaded/;2;2;-1;;;;
/AnkiDroid/src/com/ichi2/anki/CardEditor.java/CardEditor/onCollectionLoaded/;2;2;-1;;;;
/AnkiDroid/src/com/ichi2/anki/CardEditor.java/CardEditor/onCollectionLoaded/;2;2;-1;;;;
/AnkiDroid/src/com/ichi2/anki/CardEditor.java/CardEditor/onCreateDialog/;2;2;-1;;;;
/AnkiDroid/src/com/ichi2/anki/CardEditor.java/CardEditor/onCreateDialog/;2;2;-1;;;;
/AnkiDroid/src/com/ichi2/anki/CardEditor.java/CardEditor/onCreateDialog/;2;2;-1;;;;
/AnkiDroid/src/com/ichi2/anki/CardEditor.java/CardEditor/onCreateDialog/;2;2;-1;;;;
/AnkiDroid/src/com/ichi2/anki/CardEditor.java/CardEditor/registerExternalStorageListener/;3;3;-1;;;;
/AnkiDroid/src/com/ichi2/anki/CardEditor.java/CardEditor/setMMButtonListener/;2;2;-1;;;;
/AnkiDroid/src/com/ichi2/anki/CardEditor.java/CardEditor/setMMButtonListener//onClick/;1;1;-1;;;;
/AnkiDroid/src/com/ichi2/anki/CardEditor.java/CardEditor/showDialogFragment/;2;2;-1;;;;
/AnkiDroid/src/com/ichi2/anki/CramDeckOptions.java;2;8;1;;;;
/AnkiDroid/src/com/ichi2/anki/CramDeckOptions.java/CramDeckOptions;8;8;-1;;;;
/AnkiDroid/src/com/ichi2/anki/CramDeckOptions.java/CramDeckOptions/DeckPreferenceHack;2;2;-1;;;;
/AnkiDroid/src/com/ichi2/anki/CramDeckOptions.java/CramDeckOptions/DeckPreferenceHack/Editor;2;2;-1;;;;
/AnkiDroid/src/com/ichi2/anki/CramDeckOptions.java/CramDeckOptions/JSONNameComparator;2;2;-1;;;;
/AnkiDroid/src/com/ichi2/anki/CramDeckOptions.java/CramDeckOptions/registerExternalStorageListener/;3;3;-1;;;;
/AnkiDroid/src/com/ichi2/anki/CustomExceptionHandler.java;2;2;1;;;;
/AnkiDroid/src/com/ichi2/anki/DeckOptions.java;2;8;1;;;;
/AnkiDroid/src/com/ichi2/anki/DeckOptions.java/DeckOptions;8;8;-1;;;;
/AnkiDroid/src/com/ichi2/anki/DeckOptions.java/DeckOptions/DeckPreferenceHack;2;2;-1;;;;
/AnkiDroid/src/com/ichi2/anki/DeckOptions.java/DeckOptions/DeckPreferenceHack/Editor;2;2;-1;;;;
/AnkiDroid/src/com/ichi2/anki/DeckOptions.java/DeckOptions/DeckPreferenceHack/Editor/mConfChangeHandler/;3;3;-1;;;;
/AnkiDroid/src/com/ichi2/anki/DeckOptions.java/DeckOptions/JSONNameComparator;2;2;-1;;;;
/AnkiDroid/src/com/ichi2/anki/DeckOptions.java/DeckOptions/registerExternalStorageListener/;3;3;-1;;;;
/AnkiDroid/src/com/ichi2/anki/DeckPicker.java;2;3;1;;;;
/AnkiDroid/src/com/ichi2/anki/DeckPicker.java/DeckPicker;3;3;-1;;;;
/AnkiDroid/src/com/ichi2/anki/DeckPicker.java/DeckPicker/createTutorialDeck/;3;3;-1;;;;
/AnkiDroid/src/com/ichi2/anki/DeckPicker.java/DeckPicker/deleteContextMenuDeck/;3;3;-1;;;;
/AnkiDroid/src/com/ichi2/anki/DeckPicker.java/DeckPicker/DialogHandler;3;3;-1;;;;
/AnkiDroid/src/com/ichi2/anki/DeckPicker.java/DeckPicker/integrityCheck/;3;3;-1;;;;
/AnkiDroid/src/com/ichi2/anki/DeckPicker.java/DeckPicker/mDeckSelHandler/;2;2;-1;;;;
/AnkiDroid/src/com/ichi2/anki/DeckPicker.java/DeckPicker/mediaCheck/;3;3;-1;;;;
/AnkiDroid/src/com/ichi2/anki/DeckPicker.java/DeckPicker/mExportListener/;3;3;-1;;;;
/AnkiDroid/src/com/ichi2/anki/DeckPicker.java/DeckPicker/mImportAddListener/;3;3;-1;;;;
/AnkiDroid/src/com/ichi2/anki/DeckPicker.java/DeckPicker/mImportReplaceListener/;3;3;-1;;;;
/AnkiDroid/src/com/ichi2/anki/DeckPicker.java/DeckPicker/mLoadCountsHandler/;3;3;-1;;;;
/AnkiDroid/src/com/ichi2/anki/DeckPicker.java/DeckPicker/mSyncListener/;2;2;-1;;;;
/AnkiDroid/src/com/ichi2/anki/DeckPicker.java/DeckPicker/onCreate/;2;2;-1;;;;
/AnkiDroid/src/com/ichi2/anki/DeckPicker.java/DeckPicker/onCreate/;2;2;-1;;;;
/AnkiDroid/src/com/ichi2/anki/DeckPicker.java/DeckPicker/onOptionsItemSelected/;2;2;-1;;;;
/AnkiDroid/src/com/ichi2/anki/DeckPicker.java/DeckPicker/onOptionsItemSelected/;2;2;-1;;;;
/AnkiDroid/src/com/ichi2/anki/DeckPicker.java/DeckPicker/registerExternalStorageListener/;3;3;-1;;;;
/AnkiDroid/src/com/ichi2/anki/DeckPicker.java/DeckPicker/renameContextMenuDeckDialog/;2;2;-1;;;;
/AnkiDroid/src/com/ichi2/anki/DeckPicker.java/DeckPicker/repairDeck/;3;3;-1;;;;
/AnkiDroid/src/com/ichi2/anki/DeckPicker.java/DeckPicker/selectDeck/;2;2;-1;;;;
/AnkiDroid/src/com/ichi2/anki/DeckPicker.java/DeckPicker/showExportCompleteDialog/;2;2;-1;;;;
/AnkiDroid/src/com/ichi2/anki/DeckPicker.java/DeckPicker/showExportCompleteDialog/;2;2;-1;;;;
/AnkiDroid/src/com/ichi2/anki/DeckPicker.java/DeckPicker/showLogDialog/;2;2;-1;;;;
/AnkiDroid/src/com/ichi2/anki/DeckPicker.java/DeckPicker/showSdCardNotMountedDialog/;2;2;-1;;;;
/AnkiDroid/src/com/ichi2/anki/DeckPicker.java/DeckPicker/showSdCardNotMountedDialog/;2;2;-1;;;;
/AnkiDroid/src/com/ichi2/anki/dialogs;1;2;2;;;;
/AnkiDroid/src/com/ichi2/anki/dialogs/DatabaseErrorDialog.java;1;2;1;;;;
/AnkiDroid/src/com/ichi2/anki/dialogs/DatabaseErrorDialog.java/DatabaseErrorDialog;1;1;-1;;;;
/AnkiDroid/src/com/ichi2/anki/dialogs/DatabaseErrorDialog.java/DatabaseErrorDialog/DatabaseErrorDialogListener;1;1;-1;;;;
/AnkiDroid/src/com/ichi2/anki/dialogs/DatabaseErrorDialog.java/DatabaseErrorDialog/onCreateDialog/;2;2;-1;;;;
/AnkiDroid/src/com/ichi2/anki/dialogs/DatabaseErrorDialog.java/DatabaseErrorDialog/onCreateDialog/;2;2;-1;;;;
/AnkiDroid/src/com/ichi2/anki/dialogs/DatabaseErrorDialog.java/DatabaseErrorDialog/onCreateDialog/;2;2;-1;;;;
/AnkiDroid/src/com/ichi2/anki/dialogs/DatabaseErrorDialog.java/DatabaseErrorDialog/onCreateDialog/;2;2;-1;;;;
/AnkiDroid/src/com/ichi2/anki/dialogs/DatabaseErrorDialog.java/DatabaseErrorDialog/onCreateDialog/;2;2;-1;;;;
/AnkiDroid/src/com/ichi2/anki/dialogs/DatabaseErrorDialog.java/DatabaseErrorDialog/onCreateDialog/;2;2;-1;;;;
/AnkiDroid/src/com/ichi2/anki/dialogs/DatabaseErrorDialog.java/DatabaseErrorDialog/onCreateDialog/;2;2;-1;;;;
/AnkiDroid/src/com/ichi2/anki/dialogs/DatabaseErrorDialog.java/DatabaseErrorDialog/onCreateDialog/;2;2;-1;;;;
/AnkiDroid/src/com/ichi2/anki/dialogs/DatabaseErrorDialog.java/DatabaseErrorDialog/onCreateDialog/;2;2;-1;;;;
/AnkiDroid/src/com/ichi2/anki/dialogs/DatabaseErrorDialog.java/DatabaseErrorDialog/onCreateDialog/;2;2;-1;;;;
/AnkiDroid/src/com/ichi2/anki/dialogs/DatabaseErrorDialog.java/DatabaseErrorDialog/onCreateDialog/;2;2;-1;;;;
/AnkiDroid/src/com/ichi2/anki/dialogs/DatabaseErrorDialog.java/DatabaseErrorDialog/onCreateDialog/;2;2;-1;;;;
/AnkiDroid/src/com/ichi2/anki/dialogs/DatabaseErrorDialog.java/DatabaseErrorDialog/onCreateDialog/;2;2;-1;;;;
/AnkiDroid/src/com/ichi2/anki/dialogs/DatabaseErrorDialog.java/DatabaseErrorDialog/onCreateDialog//onClick/;2;2;-1;;;;
/AnkiDroid/src/com/ichi2/anki/dialogs/DeckPickerBackupNoSpaceLeftDialog.java;1;2;1;;;;
/AnkiDroid/src/com/ichi2/anki/dialogs/DeckPickerBackupNoSpaceLeftDialog.java/DeckPickerBackupNoSpaceLeftDialog;1;1;-1;;;;
/AnkiDroid/src/com/ichi2/anki/dialogs/DeckPickerBackupNoSpaceLeftDialog.java/DeckPickerBackupNoSpaceLeftDialog/onCreateDialog/;2;2;-1;;;;
/AnkiDroid/src/com/ichi2/anki/dialogs/DeckPickerBackupNoSpaceLeftDialog.java/DeckPickerBackupNoSpaceLeftDialog/onCreateDialog/;2;2;-1;;;;
/AnkiDroid/src/com/ichi2/anki/dialogs/DeckPickerConfirmDeleteDeckDialog.java;1;2;1;;;;
/AnkiDroid/src/com/ichi2/anki/dialogs/DeckPickerConfirmDeleteDeckDialog.java/DeckPickerConfirmDeleteDeckDialog;1;1;-1;;;;
/AnkiDroid/src/com/ichi2/anki/dialogs/DeckPickerConfirmDeleteDeckDialog.java/DeckPickerConfirmDeleteDeckDialog/onCreateDialog/;2;2;-1;;;;
/AnkiDroid/src/com/ichi2/anki/dialogs/DeckPickerConfirmDeleteDeckDialog.java/DeckPickerConfirmDeleteDeckDialog/onCreateDialog/;2;2;-1;;;;
/AnkiDroid/src/com/ichi2/anki/dialogs/DeckPickerContextMenu.java;1;2;1;;;;
/AnkiDroid/src/com/ichi2/anki/dialogs/DeckPickerContextMenu.java/DeckPickerContextMenu;1;1;-1;;;;
/AnkiDroid/src/com/ichi2/anki/dialogs/DeckPickerContextMenu.java/DeckPickerContextMenu/mContextMenuListener/;2;2;-1;;;;
/AnkiDroid/src/com/ichi2/anki/dialogs/DeckPickerNoSpaceLeftDialog.java;1;2;1;;;;
/AnkiDroid/src/com/ichi2/anki/dialogs/DeckPickerNoSpaceLeftDialog.java/DeckPickerNoSpaceLeftDialog;1;1;-1;;;;
/AnkiDroid/src/com/ichi2/anki/dialogs/DeckPickerNoSpaceLeftDialog.java/DeckPickerNoSpaceLeftDialog/onCreateDialog/;2;2;-1;;;;
/AnkiDroid/src/com/ichi2/anki/dialogs/DeckPickerNoSpaceLeftDialog.java/DeckPickerNoSpaceLeftDialog/onCreateDialog/;2;2;-1;;;;
/AnkiDroid/src/com/ichi2/anki/dialogs/ExportDialog.java;1;2;1;;;;
/AnkiDroid/src/com/ichi2/anki/dialogs/ExportDialog.java/ExportDialog;1;1;-1;;;;
/AnkiDroid/src/com/ichi2/anki/dialogs/ExportDialog.java/ExportDialog/ExportDialogListener;1;1;-1;;;;
/AnkiDroid/src/com/ichi2/anki/dialogs/ExportDialog.java/ExportDialog/onCreateDialog/;2;2;-1;;;;
/AnkiDroid/src/com/ichi2/anki/dialogs/ExportDialog.java/ExportDialog/onCreateDialog/;2;2;-1;;;;
/AnkiDroid/src/com/ichi2/anki/dialogs/ImportDialog.java;1;2;1;;;;
/AnkiDroid/src/com/ichi2/anki/dialogs/ImportDialog.java/ImportDialog;1;1;-1;;;;
/AnkiDroid/src/com/ichi2/anki/dialogs/ImportDialog.java/ImportDialog/clearAllDialogsClickListener/;2;2;-1;;;;
/AnkiDroid/src/com/ichi2/anki/dialogs/ImportDialog.java/ImportDialog/ImportDialogListener;1;1;-1;;;;
/AnkiDroid/src/com/ichi2/anki/dialogs/ImportDialog.java/ImportDialog/onCreateDialog/;2;2;-1;;;;
/AnkiDroid/src/com/ichi2/anki/dialogs/ImportDialog.java/ImportDialog/onCreateDialog/;2;2;-1;;;;
/AnkiDroid/src/com/ichi2/anki/dialogs/ImportDialog.java/ImportDialog/onCreateDialog/;2;2;-1;;;;
/AnkiDroid/src/com/ichi2/anki/dialogs/ImportDialog.java/ImportDialog/onCreateDialog/;2;2;-1;;;;
/AnkiDroid/src/com/ichi2/anki/dialogs/MediaCheckDialog.java;1;2;1;;;;
/AnkiDroid/src/com/ichi2/anki/dialogs/MediaCheckDialog.java/MediaCheckDialog;1;1;-1;;;;
/AnkiDroid/src/com/ichi2/anki/dialogs/MediaCheckDialog.java/MediaCheckDialog/MediaCheckDialogListener;1;1;-1;;;;
/AnkiDroid/src/com/ichi2/anki/dialogs/MediaCheckDialog.java/MediaCheckDialog/onCreateDialog/;2;2;-1;;;;
/AnkiDroid/src/com/ichi2/anki/dialogs/MediaCheckDialog.java/MediaCheckDialog/onCreateDialog/;2;2;-1;;;;
/AnkiDroid/src/com/ichi2/anki/dialogs/MediaCheckDialog.java/MediaCheckDialog/onCreateDialog/;2;2;-1;;;;
/AnkiDroid/src/com/ichi2/anki/dialogs/MediaCheckDialog.java/MediaCheckDialog/onCreateDialog/;2;2;-1;;;;
/AnkiDroid/src/com/ichi2/anki/dialogs/MediaCheckDialog.java/MediaCheckDialog/onCreateDialog/;2;2;-1;;;;
/AnkiDroid/src/com/ichi2/anki/dialogs/SyncErrorDialog.java;1;2;1;;;;
/AnkiDroid/src/com/ichi2/anki/dialogs/SyncErrorDialog.java/SyncErrorDialog;1;1;-1;;;;
/AnkiDroid/src/com/ichi2/anki/dialogs/SyncErrorDialog.java/SyncErrorDialog/clearAllDialogsClickListener/;2;2;-1;;;;
/AnkiDroid/src/com/ichi2/anki/dialogs/SyncErrorDialog.java/SyncErrorDialog/onCreateDialog/;2;2;-1;;;;
/AnkiDroid/src/com/ichi2/anki/dialogs/SyncErrorDialog.java/SyncErrorDialog/onCreateDialog/;2;2;-1;;;;
/AnkiDroid/src/com/ichi2/anki/dialogs/SyncErrorDialog.java/SyncErrorDialog/onCreateDialog/;2;2;-1;;;;
/AnkiDroid/src/com/ichi2/anki/dialogs/SyncErrorDialog.java/SyncErrorDialog/onCreateDialog/;2;2;-1;;;;
/AnkiDroid/src/com/ichi2/anki/dialogs/SyncErrorDialog.java/SyncErrorDialog/onCreateDialog/;2;2;-1;;;;
/AnkiDroid/src/com/ichi2/anki/dialogs/SyncErrorDialog.java/SyncErrorDialog/onCreateDialog/;2;2;-1;;;;
/AnkiDroid/src/com/ichi2/anki/dialogs/SyncErrorDialog.java/SyncErrorDialog/onCreateDialog/;2;2;-1;;;;
/AnkiDroid/src/com/ichi2/anki/dialogs/SyncErrorDialog.java/SyncErrorDialog/onCreateDialog/;2;2;-1;;;;
/AnkiDroid/src/com/ichi2/anki/dialogs/SyncErrorDialog.java/SyncErrorDialog/onCreateDialog/;2;2;-1;;;;
/AnkiDroid/src/com/ichi2/anki/dialogs/SyncErrorDialog.java/SyncErrorDialog/onCreateDialog/;2;2;-1;;;;
/AnkiDroid/src/com/ichi2/anki/dialogs/SyncErrorDialog.java/SyncErrorDialog/SyncErrorDialogListener;1;1;-1;;;;
/AnkiDroid/src/com/ichi2/anki/dialogs/TagsDialog.java;1;2;1;;;;
/AnkiDroid/src/com/ichi2/anki/dialogs/TagsDialog.java/TagsDialog;1;1;-1;;;;
/AnkiDroid/src/com/ichi2/anki/dialogs/TagsDialog.java/TagsDialog/actualizeCurrTagDialog/;2;2;-1;;;;
/AnkiDroid/src/com/ichi2/anki/dialogs/TagsDialog.java/TagsDialog/actualizeCurrTagDialog/;2;2;-1;;;;
/AnkiDroid/src/com/ichi2/anki/dialogs/TagsDialog.java/TagsDialog/actualizeCurrTagDialog/;2;2;-1;;;;
/AnkiDroid/src/com/ichi2/anki/dialogs/TagsDialog.java/TagsDialog/addDialogContent/;2;2;-1;;;;
/AnkiDroid/src/com/ichi2/anki/dialogs/TagsDialog.java/TagsDialog/addDialogContent/;2;2;-1;;;;
/AnkiDroid/src/com/ichi2/anki/dialogs/TagsDialog.java/TagsDialog/addDialogContent/;2;2;-1;;;;
/AnkiDroid/src/com/ichi2/anki/dialogs/TagsDialog.java/TagsDialog/addDialogContent/;2;2;-1;;;;
/AnkiDroid/src/com/ichi2/anki/dialogs/TagsDialog.java/TagsDialog/addDialogContent/;2;2;-1;;;;
/AnkiDroid/src/com/ichi2/anki/dialogs/TagsDialog.java/TagsDialog/createBuilder/;2;2;-1;;;;
/AnkiDroid/src/com/ichi2/anki/dialogs/TagsDialog.java/TagsDialog/createBuilder/;2;2;-1;;;;
/AnkiDroid/src/com/ichi2/anki/dialogs/TagsDialog.java/TagsDialog/createBuilder/;2;2;-1;;;;
/AnkiDroid/src/com/ichi2/anki/dialogs/TagsDialog.java/TagsDialog/filterByTagContent/;2;2;-1;;;;
/AnkiDroid/src/com/ichi2/anki/dialogs/TagsDialog.java/TagsDialog/TagsDialogListener;1;1;-1;;;;
/AnkiDroid/src/com/ichi2/anki/Download.java;2;4;1;;;;
/AnkiDroid/src/com/ichi2/anki/Download.java/Download;4;4;-1;;;;
/AnkiDroid/src/com/ichi2/anki/Download.java/Download/CREATOR/;2;2;-1;;;;
/AnkiDroid/src/com/ichi2/anki/exception;4;4;2;;;;
/AnkiDroid/src/com/ichi2/anki/exception/AnkiDroidErrorReportException.java;4;4;1;;;;
/AnkiDroid/src/com/ichi2/anki/exception/APIVersionException.java;4;4;1;;;;
/AnkiDroid/src/com/ichi2/anki/exception/UnsupportedSyncException.java;4;4;1;;;;
/AnkiDroid/src/com/ichi2/anki/Feedback.java;2;2;1;;;;
/AnkiDroid/src/com/ichi2/anki/Feedback.java/Feedback;2;2;-1;;;;
/AnkiDroid/src/com/ichi2/anki/Feedback.java/Feedback/initAllAlertDialogs/;2;2;-1;;;;
/AnkiDroid/src/com/ichi2/anki/Feedback.java/Feedback/mSendListener/;2;2;-1;;;;
/AnkiDroid/src/com/ichi2/anki/Feedback.java/Feedback/onCreate/;2;2;-1;;;;
/AnkiDroid/src/com/ichi2/anki/Feedback.java/Feedback/onCreate/;2;2;-1;;;;
/AnkiDroid/src/com/ichi2/anki/Feedback.java/Feedback/onCreate/;2;2;-1;;;;
/AnkiDroid/src/com/ichi2/anki/Feedback.java/Feedback/onCreate/;2;2;-1;;;;
/AnkiDroid/src/com/ichi2/anki/FieldEditText.java;5;5;1;;;;
/AnkiDroid/src/com/ichi2/anki/Info.java;1;4;1;;;;
/AnkiDroid/src/com/ichi2/anki/Info.java/Info;1;1;-1;;;;
/AnkiDroid/src/com/ichi2/anki/Info.java/Info/mDownloadDeckListener/;2;2;-1;;;;
/AnkiDroid/src/com/ichi2/anki/Info.java/Info/MobileAnkiWebview;3;3;-1;;;;
/AnkiDroid/src/com/ichi2/anki/Info.java/Info/MobileAnkiWebview/ParseSharedDecks;4;4;-1;;;;
/AnkiDroid/src/com/ichi2/anki/Info.java/Info/MobileAnkiWebview/ParseSharedDecks/doInBackground/;2;2;-1;;;;
/AnkiDroid/src/com/ichi2/anki/Info.java/Info/mSyncListener/;2;2;-1;;;;
/AnkiDroid/src/com/ichi2/anki/Info.java/Info/mUpgradeImportListener/;3;3;-1;;;;
/AnkiDroid/src/com/ichi2/anki/Info.java/Info/mWebUpgradeListener/;2;2;-1;;;;
/AnkiDroid/src/com/ichi2/anki/Info.java/Info/mWebUpgradeListener//onPostExecute/;2;2;-1;;;;
/AnkiDroid/src/com/ichi2/anki/Info.java/Info/mWebUpgradeListener//onPostExecute/;2;2;-1;;;;
/AnkiDroid/src/com/ichi2/anki/Info.java/Info/mWebUpgradeListener//onPreExecute/;2;2;-1;;;;
/AnkiDroid/src/com/ichi2/anki/Info.java/Info/onCreate/;2;2;-1;;;;
/AnkiDroid/src/com/ichi2/anki/Info.java/Info/onCreate/;2;2;-1;;;;
/AnkiDroid/src/com/ichi2/anki/Info.java/Info/onCreate/;2;2;-1;;;;
/AnkiDroid/src/com/ichi2/anki/Info.java/Info/onCreate/;2;2;-1;;;;
/AnkiDroid/src/com/ichi2/anki/Info.java/Info/onCreate/;2;2;-1;;;;
/AnkiDroid/src/com/ichi2/anki/Info.java/Info/onCreate/;2;2;-1;;;;
/AnkiDroid/src/com/ichi2/anki/Info.java/Info/onCreate/;2;2;-1;;;;
/AnkiDroid/src/com/ichi2/anki/Info.java/Info/onCreate/;2;2;-1;;;;
/AnkiDroid/src/com/ichi2/anki/Info.java/Info/onCreate/;2;2;-1;;;;
/AnkiDroid/src/com/ichi2/anki/Info.java/Info/onCreate/;2;2;-1;;;;
/AnkiDroid/src/com/ichi2/anki/Info.java/Info/onCreate/;2;2;-1;;;;
/AnkiDroid/src/com/ichi2/anki/Info.java/Info/onCreate/;2;2;-1;;;;
/AnkiDroid/src/com/ichi2/anki/Info.java/Info/onCreate/;2;2;-1;;;;
/AnkiDroid/src/com/ichi2/anki/Info.java/Info/onCreate/;2;2;-1;;;;
/AnkiDroid/src/com/ichi2/anki/Info.java/Info/onCreate/;2;2;-1;;;;
/AnkiDroid/src/com/ichi2/anki/Info.java/Info/onCreate/;2;2;-1;;;;
/AnkiDroid/src/com/ichi2/anki/Info.java/Info/onCreate/;2;2;-1;;;;
/AnkiDroid/src/com/ichi2/anki/Info.java/Info/onCreate/;2;2;-1;;;;
/AnkiDroid/src/com/ichi2/anki/Info.java/Info/onCreate/;2;2;-1;;;;
/AnkiDroid/src/com/ichi2/anki/Info.java/Info/onCreate/;2;2;-1;;;;
/AnkiDroid/src/com/ichi2/anki/Info.java/Info/onCreate//onClick/;2;2;-1;;;;
/AnkiDroid/src/com/ichi2/anki/Info.java/Info/onCreate//onClick/;2;2;-1;;;;
/AnkiDroid/src/com/ichi2/anki/Info.java/Info/onCreateDialog/;2;2;-1;;;;
/AnkiDroid/src/com/ichi2/anki/Info.java/Info/onCreateDialog/;2;2;-1;;;;
/AnkiDroid/src/com/ichi2/anki/Info.java/Info/onCreateDialog/;2;2;-1;;;;
/AnkiDroid/src/com/ichi2/anki/Info.java/Info/upgradeCancelled/;2;2;-1;;;;
/AnkiDroid/src/com/ichi2/anki/IntentHandler.java;6;6;1;;;;
/AnkiDroid/src/com/ichi2/anki/Lookup.java;2;2;1;;;;
/AnkiDroid/src/com/ichi2/anki/Lookup.java/Lookup;2;2;-1;;;;
/AnkiDroid/src/com/ichi2/anki/Lookup.java/Lookup/lookUp/;2;2;-1;;;;
/AnkiDroid/src/com/ichi2/anki/MetaDB.java;2;2;1;;;;
/AnkiDroid/src/com/ichi2/anki/multimediacard;1;5;2;;;;
/AnkiDroid/src/com/ichi2/anki/multimediacard/activity;1;6;2;;;;
/AnkiDroid/src/com/ichi2/anki/multimediacard/activity/EditFieldActivity.java;1;2;1;;;;
/AnkiDroid/src/com/ichi2/anki/multimediacard/activity/EditFieldActivity.java/EditFieldActivity;1;1;-1;;;;
/AnkiDroid/src/com/ichi2/anki/multimediacard/activity/EditFieldActivity.java/EditFieldActivity/createSpareMenu/;2;2;-1;;;;
/AnkiDroid/src/com/ichi2/anki/multimediacard/activity/EditFieldActivity.java/EditFieldActivity/createSpareMenu/;2;2;-1;;;;
/AnkiDroid/src/com/ichi2/anki/multimediacard/activity/EditFieldActivity.java/EditFieldActivity/createSpareMenu/;2;2;-1;;;;
/AnkiDroid/src/com/ichi2/anki/multimediacard/activity/EditFieldActivity.java/EditFieldActivity/createSpareMenu/;2;2;-1;;;;
/AnkiDroid/src/com/ichi2/anki/multimediacard/activity/LoadPronounciationActivity.java;2;6;1;;;;
/AnkiDroid/src/com/ichi2/anki/multimediacard/activity/LoadPronounciationActivity.java/LoadPronounciationActivity;6;6;-1;;;;
/AnkiDroid/src/com/ichi2/anki/multimediacard/activity/LoadPronounciationActivity.java/LoadPronounciationActivity/BackgroundPost;3;3;-1;;;;
/AnkiDroid/src/com/ichi2/anki/multimediacard/activity/LoadPronounciationActivity.java/LoadPronounciationActivity/DownloadFileTask;3;3;-1;;;;
/AnkiDroid/src/com/ichi2/anki/multimediacard/activity/LoadPronounciationActivity.java/LoadPronounciationActivity/onCreate/;2;2;-1;;;;
/AnkiDroid/src/com/ichi2/anki/multimediacard/activity/LoadPronounciationActivity.java/LoadPronounciationActivity/onCreate/;2;2;-1;;;;
/AnkiDroid/src/com/ichi2/anki/multimediacard/activity/PickStringDialogFragment.java;1;1;1;;;;
/AnkiDroid/src/com/ichi2/anki/multimediacard/activity/SearchImageActivity.java;2;6;1;;;;
/AnkiDroid/src/com/ichi2/anki/multimediacard/activity/SearchImageActivity.java/SearchImageActivity;6;6;-1;;;;
/AnkiDroid/src/com/ichi2/anki/multimediacard/activity/SearchImageActivity.java/SearchImageActivity/BackgroundPost;3;3;-1;;;;
/AnkiDroid/src/com/ichi2/anki/multimediacard/activity/SearchImageActivity.java/SearchImageActivity/DownloadFileTask;3;3;-1;;;;
/AnkiDroid/src/com/ichi2/anki/multimediacard/activity/SearchImageActivity.java/SearchImageActivity/onCreate/;3;3;-1;;;;
/AnkiDroid/src/com/ichi2/anki/multimediacard/activity/SearchImageActivity.java/SearchImageActivity/onCreate/;2;2;-1;;;;
/AnkiDroid/src/com/ichi2/anki/multimediacard/activity/SearchImageActivity.java/SearchImageActivity/onCreate/;2;2;-1;;;;
/AnkiDroid/src/com/ichi2/anki/multimediacard/activity/SearchImageActivity.java/SearchImageActivity/onCreate/;2;2;-1;;;;
/AnkiDroid/src/com/ichi2/anki/multimediacard/activity/TranslationActivity.java;1;3;1;;;;
/AnkiDroid/src/com/ichi2/anki/multimediacard/activity/TranslationActivity.java/TranslationActivity;1;1;-1;;;;
/AnkiDroid/src/com/ichi2/anki/multimediacard/activity/TranslationActivity.java/TranslationActivity/BackgroundPost;3;3;-1;;;;
/AnkiDroid/src/com/ichi2/anki/multimediacard/activity/TranslationActivity.java/TranslationActivity/onCreate/;2;2;-1;;;;
/AnkiDroid/src/com/ichi2/anki/multimediacard/AudioView.java;1;5;1;;;;
/AnkiDroid/src/com/ichi2/anki/multimediacard/AudioView.java/AudioView;5;5;-1;;;;
/AnkiDroid/src/com/ichi2/anki/multimediacard/AudioView.java/AudioView/OnRecordingFinishEventListener;1;1;-1;;;;
/AnkiDroid/src/com/ichi2/anki/multimediacard/AudioView.java/AudioView/PlayPauseButton;5;5;-1;;;;
/AnkiDroid/src/com/ichi2/anki/multimediacard/AudioView.java/AudioView/PlayPauseButton/onClickListener/;2;2;-1;;;;
/AnkiDroid/src/com/ichi2/anki/multimediacard/AudioView.java/AudioView/PlayPauseButton/onClickListener//onClick/;2;2;-1;;;;
/AnkiDroid/src/com/ichi2/anki/multimediacard/AudioView.java/AudioView/RecordButton;5;5;-1;;;;
/AnkiDroid/src/com/ichi2/anki/multimediacard/AudioView.java/AudioView/RecordButton/onClickListener/;2;2;-1;;;;
/AnkiDroid/src/com/ichi2/anki/multimediacard/AudioView.java/AudioView/Status;3;3;-1;;;;
/AnkiDroid/src/com/ichi2/anki/multimediacard/AudioView.java/AudioView/StopButton;5;5;-1;;;;
/AnkiDroid/src/com/ichi2/anki/multimediacard/AudioView.java/AudioView/StopButton/onClickListener/;2;2;-1;;;;
/AnkiDroid/src/com/ichi2/anki/multimediacard/beolingus/parsing;2;2;2;;;;
/AnkiDroid/src/com/ichi2/anki/multimediacard/beolingus/parsing/BeolingusParser.java;2;2;1;;;;
/AnkiDroid/src/com/ichi2/anki/multimediacard/fields;1;3;2;;;;
/AnkiDroid/src/com/ichi2/anki/multimediacard/fields/AudioField.java;3;3;1;;;;
/AnkiDroid/src/com/ichi2/anki/multimediacard/fields/BasicAudioFieldController.java;2;3;1;;;;
/AnkiDroid/src/com/ichi2/anki/multimediacard/fields/BasicAudioFieldController.java/BasicAudioFieldController;3;3;-1;;;;
/AnkiDroid/src/com/ichi2/anki/multimediacard/fields/BasicAudioFieldController.java/BasicAudioFieldController/createUI/;2;2;-1;;;;
/AnkiDroid/src/com/ichi2/anki/multimediacard/fields/BasicControllerFactory.java;2;2;1;;;;
/AnkiDroid/src/com/ichi2/anki/multimediacard/fields/BasicImageFieldController.java;2;3;1;;;;
/AnkiDroid/src/com/ichi2/anki/multimediacard/fields/BasicImageFieldController.java/BasicImageFieldController;3;3;-1;;;;
/AnkiDroid/src/com/ichi2/anki/multimediacard/fields/BasicImageFieldController.java/BasicImageFieldController/createUI/;2;2;-1;;;;
/AnkiDroid/src/com/ichi2/anki/multimediacard/fields/BasicImageFieldController.java/BasicImageFieldController/createUI/;2;2;-1;;;;
/AnkiDroid/src/com/ichi2/anki/multimediacard/fields/BasicTextFieldController.java;2;3;1;;;;
/AnkiDroid/src/com/ichi2/anki/multimediacard/fields/BasicTextFieldController.java/BasicTextFieldController;3;3;-1;;;;
/AnkiDroid/src/com/ichi2/anki/multimediacard/fields/BasicTextFieldController.java/BasicTextFieldController/createClearButton/;2;2;-1;;;;
/AnkiDroid/src/com/ichi2/anki/multimediacard/fields/BasicTextFieldController.java/BasicTextFieldController/createCloneButton/;2;2;-1;;;;
/AnkiDroid/src/com/ichi2/anki/multimediacard/fields/BasicTextFieldController.java/BasicTextFieldController/createPronounceButton/;2;2;-1;;;;
/AnkiDroid/src/com/ichi2/anki/multimediacard/fields/BasicTextFieldController.java/BasicTextFieldController/createSearchImageButton/;2;2;-1;;;;
/AnkiDroid/src/com/ichi2/anki/multimediacard/fields/BasicTextFieldController.java/BasicTextFieldController/createTranslateButton/;2;2;-1;;;;
/AnkiDroid/src/com/ichi2/anki/multimediacard/fields/BasicTextFieldController.java/BasicTextFieldController/createTranslateButton//onClick/;2;2;-1;;;;
/AnkiDroid/src/com/ichi2/anki/multimediacard/fields/EFieldType.java;3;3;1;;;;
/AnkiDroid/src/com/ichi2/anki/multimediacard/fields/FieldBase.java;2;2;1;;;;
/AnkiDroid/src/com/ichi2/anki/multimediacard/fields/FieldControllerBase.java;2;2;1;;;;
/AnkiDroid/src/com/ichi2/anki/multimediacard/fields/IControllerFactory.java;1;1;1;;;;
/AnkiDroid/src/com/ichi2/anki/multimediacard/fields/IField.java;1;1;1;;;;
/AnkiDroid/src/com/ichi2/anki/multimediacard/fields/IFieldController.java;1;1;1;;;;
/AnkiDroid/src/com/ichi2/anki/multimediacard/fields/ImageField.java;3;3;1;;;;
/AnkiDroid/src/com/ichi2/anki/multimediacard/fields/TextField.java;3;3;1;;;;
/AnkiDroid/src/com/ichi2/anki/multimediacard/glosbe/json;2;2;2;;;;
/AnkiDroid/src/com/ichi2/anki/multimediacard/glosbe/json/Meaning.java;2;2;1;;;;
/AnkiDroid/src/com/ichi2/anki/multimediacard/glosbe/json/Phrase.java;2;2;1;;;;
/AnkiDroid/src/com/ichi2/anki/multimediacard/glosbe/json/Response.java;2;2;1;;;;
/AnkiDroid/src/com/ichi2/anki/multimediacard/glosbe/json/Tuc.java;2;2;1;;;;
/AnkiDroid/src/com/ichi2/anki/multimediacard/googleimagesearch/json;2;2;2;;;;
/AnkiDroid/src/com/ichi2/anki/multimediacard/googleimagesearch/json/Cursor.java;2;2;1;;;;
/AnkiDroid/src/com/ichi2/anki/multimediacard/googleimagesearch/json/ImageSearchResponse.java;2;2;1;;;;
/AnkiDroid/src/com/ichi2/anki/multimediacard/googleimagesearch/json/Page.java;2;2;1;;;;
/AnkiDroid/src/com/ichi2/anki/multimediacard/googleimagesearch/json/ResponseData.java;2;2;1;;;;
/AnkiDroid/src/com/ichi2/anki/multimediacard/googleimagesearch/json/Result.java;2;2;1;;;;
/AnkiDroid/src/com/ichi2/anki/multimediacard/impl;2;2;2;;;;
/AnkiDroid/src/com/ichi2/anki/multimediacard/impl/MultimediaEditableNote.java;2;2;1;;;;
/AnkiDroid/src/com/ichi2/anki/multimediacard/impl/NoteFactory.java;2;2;1;;;;
/AnkiDroid/src/com/ichi2/anki/multimediacard/IMultimediaEditableNote.java;1;1;1;;;;
/AnkiDroid/src/com/ichi2/anki/multimediacard/language;2;3;2;;;;
/AnkiDroid/src/com/ichi2/anki/multimediacard/language/LanguageListerBase.java;2;2;1;;;;
/AnkiDroid/src/com/ichi2/anki/multimediacard/language/LanguageListerBase.java/LanguageListerBase;2;2;-1;;;;
/AnkiDroid/src/com/ichi2/anki/multimediacard/language/LanguageListerBase.java/LanguageListerBase/getLanguages/;2;2;-1;;;;
/AnkiDroid/src/com/ichi2/anki/multimediacard/language/LanguageListerBeolingus.java;3;3;1;;;;
/AnkiDroid/src/com/ichi2/anki/multimediacard/language/LanguagesLister.java;2;2;1;;;;
/AnkiDroid/src/com/ichi2/anki/multimediacard/language/LanguagesLister.java/LanguagesLister;2;2;-1;;;;
/AnkiDroid/src/com/ichi2/anki/multimediacard/language/LanguagesLister.java/LanguagesLister/getLanguages/;2;2;-1;;;;
/AnkiDroid/src/com/ichi2/anki/multimediacard/language/LanguagesListerGlosbe.java;3;3;1;;;;
/AnkiDroid/src/com/ichi2/anki/multimediacard/test;2;2;2;;;;
/AnkiDroid/src/com/ichi2/anki/multimediacard/test/MockNoteFactory.java;2;2;1;;;;
/AnkiDroid/src/com/ichi2/anki/multimediacard/test/MockPronounciationPageFetcher.java;2;2;1;;;;
/AnkiDroid/src/com/ichi2/anki/multimediacard/test/MockTranslationFetcher.java;2;2;1;;;;
/AnkiDroid/src/com/ichi2/anki/MyAccount.java;2;2;1;;;;
/AnkiDroid/src/com/ichi2/anki/MyAccount.java/MyAccount;2;2;-1;;;;
/AnkiDroid/src/com/ichi2/anki/MyAccount.java/MyAccount/initAllAlertDialogs/;2;2;-1;;;;
/AnkiDroid/src/com/ichi2/anki/MyAccount.java/MyAccount/initAllAlertDialogs/;2;2;-1;;;;
/AnkiDroid/src/com/ichi2/anki/MyAccount.java/MyAccount/initAllContentViews/;2;2;-1;;;;
/AnkiDroid/src/com/ichi2/anki/MyAccount.java/MyAccount/initAllContentViews/;2;2;-1;;;;
/AnkiDroid/src/com/ichi2/anki/MyAccount.java/MyAccount/initAllContentViews/;2;2;-1;;;;
/AnkiDroid/src/com/ichi2/anki/MyAccount.java/MyAccount/initAllContentViews/;2;2;-1;;;;
/AnkiDroid/src/com/ichi2/anki/MyAccount.java/MyAccount/initAllContentViews/;2;2;-1;;;;
/AnkiDroid/src/com/ichi2/anki/MyAccount.java/MyAccount/initAllContentViews/;2;2;-1;;;;
/AnkiDroid/src/com/ichi2/anki/MyAccount.java/MyAccount/loginListener/;2;2;-1;;;;
/AnkiDroid/src/com/ichi2/anki/MyAccount.java/MyAccount/registerListener/;2;2;-1;;;;
/AnkiDroid/src/com/ichi2/anki/NavigationDrawerActivity.java;1;3;1;;;;
/AnkiDroid/src/com/ichi2/anki/NavigationDrawerActivity.java/NavigationDrawerActivity;2;2;-1;;;;
/AnkiDroid/src/com/ichi2/anki/NavigationDrawerActivity.java/NavigationDrawerActivity/DrawerItemClickListener;2;2;-1;;;;
/AnkiDroid/src/com/ichi2/anki/NavigationDrawerActivity.java/NavigationDrawerActivity/initNavigationDrawer/;1;1;-1;;;;
/AnkiDroid/src/com/ichi2/anki/NavigationDrawerActivity.java/NavigationDrawerActivity/NavDrawerListAdapter;3;3;-1;;;;
/AnkiDroid/src/com/ichi2/anki/Preferences.java;2;8;1;;;;
/AnkiDroid/src/com/ichi2/anki/Preferences.java/Preferences;8;8;-1;;;;
/AnkiDroid/src/com/ichi2/anki/Preferences.java/Preferences/mDeckOperationHandler/;3;3;-1;;;;
/AnkiDroid/src/com/ichi2/anki/Preferences.java/Preferences/onCreate/;2;2;-1;;;;
/AnkiDroid/src/com/ichi2/anki/Preferences.java/Preferences/onCreate/;2;2;-1;;;;
/AnkiDroid/src/com/ichi2/anki/Preferences.java/Preferences/onCreate/;2;2;-1;;;;
/AnkiDroid/src/com/ichi2/anki/Preferences.java/Preferences/onCreate//onPreferenceChange/;2;2;-1;;;;
/AnkiDroid/src/com/ichi2/anki/Preferences.java/Preferences/onCreate//onPreferenceChange/;2;2;-1;;;;
/AnkiDroid/src/com/ichi2/anki/Preferences.java/Preferences/onCreateDialog/;2;2;-1;;;;
/AnkiDroid/src/com/ichi2/anki/Preferences.java/Preferences/onCreateDialog/;2;2;-1;;;;
/AnkiDroid/src/com/ichi2/anki/Previewer.java;4;4;1;;;;
/AnkiDroid/src/com/ichi2/anki/ReadText.java;2;2;1;;;;
/AnkiDroid/src/com/ichi2/anki/ReadText.java/ReadText;2;2;-1;;;;
/AnkiDroid/src/com/ichi2/anki/ReadText.java/ReadText/initializeTts/;2;2;-1;;;;
/AnkiDroid/src/com/ichi2/anki/ReadText.java/ReadText/textToSpeech/;2;2;-1;;;;
/AnkiDroid/src/com/ichi2/anki/receiver;3;3;2;;;;
/AnkiDroid/src/com/ichi2/anki/receiver/SdCardReceiver.java;3;3;1;;;;
/AnkiDroid/src/com/ichi2/anki/reviewer;1;2;2;;;;
/AnkiDroid/src/com/ichi2/anki/Reviewer.java;4;4;1;;;;
/AnkiDroid/src/com/ichi2/anki/reviewer/CustomFontsReviewerExt.java;2;2;1;;;;
/AnkiDroid/src/com/ichi2/anki/reviewer/ReviewerExt.java;1;1;1;;;;
/AnkiDroid/src/com/ichi2/anki/reviewer/ReviewerExtRegistry.java;2;2;1;;;;
/AnkiDroid/src/com/ichi2/anki/reviewer/WhiteboardListener.java;1;1;1;;;;
/AnkiDroid/src/com/ichi2/anki/runtimetools;2;2;2;;;;
/AnkiDroid/src/com/ichi2/anki/runtimetools/TaskOperations.java;2;2;1;;;;
/AnkiDroid/src/com/ichi2/anki/servicelayer;2;2;2;;;;
/AnkiDroid/src/com/ichi2/anki/servicelayer/NoteService.java;2;2;1;;;;
/AnkiDroid/src/com/ichi2/anki/services;5;5;2;;;;
/AnkiDroid/src/com/ichi2/anki/services/NotificationService.java;5;5;1;;;;
/AnkiDroid/src/com/ichi2/anki/SharedDeckDownload.java;2;5;1;;;;
/AnkiDroid/src/com/ichi2/anki/SharedDeckDownload.java/SharedDeckDownload;5;5;-1;;;;
/AnkiDroid/src/com/ichi2/anki/SharedDeckDownload.java/SharedDeckDownload/CREATOR/;2;2;-1;;;;
/AnkiDroid/src/com/ichi2/anki/stats;1;3;2;;;;
/AnkiDroid/src/com/ichi2/anki/stats/AnkiStatsActivity.java;1;3;1;;;;
/AnkiDroid/src/com/ichi2/anki/stats/AnkiStatsActivity.java/AnkiStatsActivity;3;3;-1;;;;
/AnkiDroid/src/com/ichi2/anki/stats/AnkiStatsActivity.java/AnkiStatsActivity/ChartFragment;2;2;-1;;;;
/AnkiDroid/src/com/ichi2/anki/stats/AnkiStatsActivity.java/AnkiStatsActivity/onCreate/;1;1;-1;;;;
/AnkiDroid/src/com/ichi2/anki/stats/AnkiStatsActivity.java/AnkiStatsActivity/OverviewStatisticsFragment;2;2;-1;;;;
/AnkiDroid/src/com/ichi2/anki/stats/AnkiStatsActivity.java/AnkiStatsActivity/SectionsPagerAdapter;1;1;-1;;;;
/AnkiDroid/src/com/ichi2/anki/stats/AnkiStatsActivity.java/AnkiStatsActivity/StatisticFragment;1;1;-1;;;;
/AnkiDroid/src/com/ichi2/anki/stats/AnkiStatsTaskHandler.java;2;3;1;;;;
/AnkiDroid/src/com/ichi2/anki/stats/AnkiStatsTaskHandler.java/AnkiStatsTaskHandler;2;2;-1;;;;
/AnkiDroid/src/com/ichi2/anki/stats/AnkiStatsTaskHandler.java/AnkiStatsTaskHandler/CreateChartTask;3;3;-1;;;;
/AnkiDroid/src/com/ichi2/anki/stats/AnkiStatsTaskHandler.java/AnkiStatsTaskHandler/CreateFirstStatisticChooserTask;3;3;-1;;;;
/AnkiDroid/src/com/ichi2/anki/stats/AnkiStatsTaskHandler.java/AnkiStatsTaskHandler/CreateSmallDueChart;3;3;-1;;;;
/AnkiDroid/src/com/ichi2/anki/stats/AnkiStatsTaskHandler.java/AnkiStatsTaskHandler/CreateSmallTodayOverview;3;3;-1;;;;
/AnkiDroid/src/com/ichi2/anki/stats/AnkiStatsTaskHandler.java/AnkiStatsTaskHandler/CreateStatisticsOverview;3;3;-1;;;;
/AnkiDroid/src/com/ichi2/anki/stats/ChartBuilder.java;2;2;1;;;;
/AnkiDroid/src/com/ichi2/anki/stats/ChartView.java;3;3;1;;;;
/AnkiDroid/src/com/ichi2/anki/stats/InfoStatsBuilder.java;2;2;1;;;;
/AnkiDroid/src/com/ichi2/anki/StudyOptionsActivity.java;2;3;1;;;;
/AnkiDroid/src/com/ichi2/anki/StudyOptionsActivity.java/StudyOptionsActivity;3;3;-1;;;;
/AnkiDroid/src/com/ichi2/anki/StudyOptionsActivity.java/StudyOptionsActivity/registerExternalStorageListener/;3;3;-1;;;;
/AnkiDroid/src/com/ichi2/anki/StudyOptionsActivity.java/StudyOptionsActivity/registerExternalStorageListener//onReceive/;2;2;-1;;;;
/AnkiDroid/src/com/ichi2/anki/StudyOptionsFragment.java;1;3;1;;;;
/AnkiDroid/src/com/ichi2/anki/StudyOptionsFragment.java/StudyOptionsFragment;1;1;-1;;;;
/AnkiDroid/src/com/ichi2/anki/StudyOptionsFragment.java/StudyOptionsFragment/createFilteredDeck/;2;2;-1;;;;
/AnkiDroid/src/com/ichi2/anki/StudyOptionsFragment.java/StudyOptionsFragment/mButtonClickListener/;2;2;-1;;;;
/AnkiDroid/src/com/ichi2/anki/StudyOptionsFragment.java/StudyOptionsFragment/mRebuildCustomStudyListener/;3;3;-1;;;;
/AnkiDroid/src/com/ichi2/anki/StudyOptionsFragment.java/StudyOptionsFragment/mUpdateValuesFromDeckListener/;3;3;-1;;;;
/AnkiDroid/src/com/ichi2/anki/StudyOptionsFragment.java/StudyOptionsFragment/mUpdateValuesFromDeckListener//onPostExecute/;2;2;-1;;;;
/AnkiDroid/src/com/ichi2/anki/StudyOptionsFragment.java/StudyOptionsFragment/mUpdateValuesFromDeckListener//onPostExecute//run/;2;2;-1;;;;
/AnkiDroid/src/com/ichi2/anki/StudyOptionsFragment.java/StudyOptionsFragment/MyGestureDetector;3;3;-1;;;;
/AnkiDroid/src/com/ichi2/anki/StudyOptionsFragment.java/StudyOptionsFragment/onCollectionLoaded/;2;2;-1;;;;
/AnkiDroid/src/com/ichi2/anki/StudyOptionsFragment.java/StudyOptionsFragment/onCreateDialog/;2;2;-1;;;;
/AnkiDroid/src/com/ichi2/anki/StudyOptionsFragment.java/StudyOptionsFragment/onPrepareDialog/;2;2;-1;;;;
/AnkiDroid/src/com/ichi2/anki/StudyOptionsFragment.java/StudyOptionsFragment/onPrepareDialog/;2;2;-1;;;;
/AnkiDroid/src/com/ichi2/anki/StudyOptionsFragment.java/StudyOptionsFragment/onPrepareDialog/;2;2;-1;;;;
/AnkiDroid/src/com/ichi2/anki/StudyOptionsFragment.java/StudyOptionsFragment/onPrepareDialog/;2;2;-1;;;;
/AnkiDroid/src/com/ichi2/anki/StudyOptionsFragment.java/StudyOptionsFragment/onPrepareDialog/;2;2;-1;;;;
/AnkiDroid/src/com/ichi2/anki/StudyOptionsFragment.java/StudyOptionsFragment/onPrepareDialog/;2;2;-1;;;;
/AnkiDroid/src/com/ichi2/anki/StudyOptionsFragment.java/StudyOptionsFragment/OnStudyOptionsReloadListener;1;1;-1;;;;
/AnkiDroid/src/com/ichi2/anki/StudyOptionsFragment.java/StudyOptionsFragment/showCollectionLoadingDialog/;2;2;-1;;;;
/AnkiDroid/src/com/ichi2/anki/StudyOptionsFragment.java/StudyOptionsFragment/showDialogFragment/;2;2;-1;;;;
/AnkiDroid/src/com/ichi2/anki/UIUtils.java;2;3;1;;;;
/AnkiDroid/src/com/ichi2/anki/UIUtils.java/UIUtils;2;2;-1;;;;
/AnkiDroid/src/com/ichi2/anki/UIUtils.java/UIUtils/closeCollectionInBackground/;3;3;-1;;;;
/AnkiDroid/src/com/ichi2/anki/UIUtils.java/UIUtils/saveCollectionInBackground/;3;3;-1;;;;
/AnkiDroid/src/com/ichi2/anki/web;2;2;2;;;;
/AnkiDroid/src/com/ichi2/anki/web/HttpFetcher.java;2;2;1;;;;
/AnkiDroid/src/com/ichi2/anki/web/UrlTools.java;2;2;1;;;;
/AnkiDroid/src/com/ichi2/anki/Whiteboard.java;3;3;1;;;;
/AnkiDroid/src/com/ichi2/async;1;4;2;;;;
/AnkiDroid/src/com/ichi2/async/BaseAsyncTask.java;3;3;1;;;;
/AnkiDroid/src/com/ichi2/async/CollectionLoader.java;1;2;1;;;;
/AnkiDroid/src/com/ichi2/async/CollectionLoader.java/CollectionLoader;1;1;-1;;;;
/AnkiDroid/src/com/ichi2/async/CollectionLoader.java/CollectionLoader/setProgressMessage/;2;2;-1;;;;
/AnkiDroid/src/com/ichi2/async/Connection.java;1;4;1;;;;
/AnkiDroid/src/com/ichi2/async/Connection.java/Connection;4;4;-1;;;;
/AnkiDroid/src/com/ichi2/async/Connection.java/Connection/CancelCallback;2;2;-1;;;;
/AnkiDroid/src/com/ichi2/async/Connection.java/Connection/CancellableTaskListener;1;1;-1;;;;
/AnkiDroid/src/com/ichi2/async/Connection.java/Connection/OldAnkiDeckFilter;2;2;-1;;;;
/AnkiDroid/src/com/ichi2/async/Connection.java/Connection/Payload;2;2;-1;;;;
/AnkiDroid/src/com/ichi2/async/Connection.java/Connection/TaskListener;1;1;-1;;;;
/AnkiDroid/src/com/ichi2/async/DeckTask.java;1;4;1;;;;
/AnkiDroid/src/com/ichi2/async/DeckTask.java/DeckTask;4;4;-1;;;;
/AnkiDroid/src/com/ichi2/async/DeckTask.java/DeckTask/Listener;1;1;-1;;;;
/AnkiDroid/src/com/ichi2/async/DeckTask.java/DeckTask/ProgressCallback;2;2;-1;;;;
/AnkiDroid/src/com/ichi2/async/DeckTask.java/DeckTask/TaskData;2;2;-1;;;;
/AnkiDroid/src/com/ichi2/async/DeckTask.java/DeckTask/TaskListener;2;2;-1;;;;
/AnkiDroid/src/com/ichi2/compat;1;6;2;;;;
/AnkiDroid/src/com/ichi2/compat/Compat.java;1;1;1;;;;
/AnkiDroid/src/com/ichi2/compat/CompatV15.java;3;5;1;;;;
/AnkiDroid/src/com/ichi2/compat/CompatV15.java/CompatV15;5;5;-1;;;;
/AnkiDroid/src/com/ichi2/compat/CompatV15.java/CompatV15/setTtsOnUtteranceProgressListener/;3;3;-1;;;;
/AnkiDroid/src/com/ichi2/compat/CompatV15NookHdPlus.java;6;6;1;;;;
/AnkiDroid/src/com/ichi2/compat/CompatV16.java;6;6;1;;;;
/AnkiDroid/src/com/ichi2/compat/CompatV7.java;2;2;1;;;;
/AnkiDroid/src/com/ichi2/compat/CompatV7.java/CompatV7;2;2;-1;;;;
/AnkiDroid/src/com/ichi2/compat/CompatV7.java/CompatV7/setTtsOnUtteranceProgressListener/;2;2;-1;;;;
/AnkiDroid/src/com/ichi2/compat/CompatV7Nook.java;3;3;1;;;;
/AnkiDroid/src/com/ichi2/compat/CompatV8.java;2;3;1;;;;
/AnkiDroid/src/com/ichi2/compat/CompatV8.java/CompatV8;3;3;-1;;;;
/AnkiDroid/src/com/ichi2/compat/CompatV8.java/CompatV8/afChangeListener/;2;2;-1;;;;
/AnkiDroid/src/com/ichi2/compat/CompatV9.java;4;4;1;;;;
/AnkiDroid/src/com/ichi2/filters;1;5;2;;;;
/AnkiDroid/src/com/ichi2/filters/AbstractCardFilter.java;2;2;1;;;;
/AnkiDroid/src/com/ichi2/filters/CardFilter.java;1;1;1;;;;
/AnkiDroid/src/com/ichi2/filters/FilterFacade.java;2;5;1;;;;
/AnkiDroid/src/com/ichi2/filters/FilterFacade.java/FilterFacade;2;2;-1;;;;
/AnkiDroid/src/com/ichi2/filters/FilterFacade.java/FilterFacade/filters/;5;5;-1;;;;
/AnkiDroid/src/com/ichi2/filters/GoogleTranslaterFilter.java;3;3;1;;;;
/AnkiDroid/src/com/ichi2/libanki;1;4;2;;;;
/AnkiDroid/src/com/ichi2/libanki/AnkiPackageExporter.java;2;4;1;;;;
/AnkiDroid/src/com/ichi2/libanki/AnkiPackageExporter.java/AnkiExporter;3;3;-1;;;;
/AnkiDroid/src/com/ichi2/libanki/AnkiPackageExporter.java/AnkiPackageExporter;4;4;-1;;;;
/AnkiDroid/src/com/ichi2/libanki/AnkiPackageExporter.java/Exporter;2;2;-1;;;;
/AnkiDroid/src/com/ichi2/libanki/AnkiPackageExporter.java/ZipFile;2;2;-1;;;;
/AnkiDroid/src/com/ichi2/libanki/Card.java;2;2;1;;;;
/AnkiDroid/src/com/ichi2/libanki/CardStats.java;2;2;1;;;;
/AnkiDroid/src/com/ichi2/libanki/Collection.java;2;2;1;;;;
/AnkiDroid/src/com/ichi2/libanki/Consts.java;2;2;1;;;;
/AnkiDroid/src/com/ichi2/libanki/Decks.java;2;2;1;;;;
/AnkiDroid/src/com/ichi2/libanki/Decks.java/Decks;2;2;-1;;;;
/AnkiDroid/src/com/ichi2/libanki/Decks.java/Decks/DeckListComparator;2;2;-1;;;;
/AnkiDroid/src/com/ichi2/libanki/Finder.java;2;2;1;;;;
/AnkiDroid/src/com/ichi2/libanki/Finder.java/Finder;2;2;-1;;;;
/AnkiDroid/src/com/ichi2/libanki/Finder.java/Finder/SearchState;2;2;-1;;;;
/AnkiDroid/src/com/ichi2/libanki/hooks;2;3;2;;;;
/AnkiDroid/src/com/ichi2/libanki/hooks/ChessFilter.java;3;3;1;;;;
/AnkiDroid/src/com/ichi2/libanki/hooks/FuriganaFilters.java;2;3;1;;;;
/AnkiDroid/src/com/ichi2/libanki/hooks/FuriganaFilters.java/FuriganaFilters;2;2;-1;;;;
/AnkiDroid/src/com/ichi2/libanki/hooks/FuriganaFilters.java/FuriganaFilters/Furigana;3;3;-1;;;;
/AnkiDroid/src/com/ichi2/libanki/hooks/FuriganaFilters.java/FuriganaFilters/Kana;3;3;-1;;;;
/AnkiDroid/src/com/ichi2/libanki/hooks/FuriganaFilters.java/FuriganaFilters/Kanji;3;3;-1;;;;
/AnkiDroid/src/com/ichi2/libanki/hooks/HebrewFixFilter.java;3;3;1;;;;
/AnkiDroid/src/com/ichi2/libanki/hooks/HintFilter.java;2;3;1;;;;
/AnkiDroid/src/com/ichi2/libanki/hooks/HintFilter.java/HintFilter;2;2;-1;;;;
/AnkiDroid/src/com/ichi2/libanki/hooks/HintFilter.java/HintFilter/Hint;3;3;-1;;;;
/AnkiDroid/src/com/ichi2/libanki/hooks/Hook.java;2;2;1;;;;
/AnkiDroid/src/com/ichi2/libanki/hooks/Hooks.java;2;2;1;;;;
/AnkiDroid/src/com/ichi2/libanki/importer;2;2;2;;;;
/AnkiDroid/src/com/ichi2/libanki/importer/Anki2Importer.java;2;2;1;;;;
/AnkiDroid/src/com/ichi2/libanki/LaTeX.java;2;3;1;;;;
/AnkiDroid/src/com/ichi2/libanki/LaTeX.java/LaTeX;2;2;-1;;;;
/AnkiDroid/src/com/ichi2/libanki/LaTeX.java/LaTeX/LaTeXFilter;3;3;-1;;;;
/AnkiDroid/src/com/ichi2/libanki/Media.java;2;2;1;;;;
/AnkiDroid/src/com/ichi2/libanki/Models.java;1;2;1;;;;
/AnkiDroid/src/com/ichi2/libanki/Models.java/Models;2;2;-1;;;;
/AnkiDroid/src/com/ichi2/libanki/Models.java/Models/fieldParser;2;2;-1;;;;
/AnkiDroid/src/com/ichi2/libanki/Models.java/Models/TransformFieldAdd;2;2;-1;;;;
/AnkiDroid/src/com/ichi2/libanki/Models.java/Models/TransformFieldDelete;2;2;-1;;;;
/AnkiDroid/src/com/ichi2/libanki/Models.java/Models/TransformFieldMove;2;2;-1;;;;
/AnkiDroid/src/com/ichi2/libanki/Models.java/Models/TransformFieldVisitor;1;1;-1;;;;
/AnkiDroid/src/com/ichi2/libanki/Note.java;2;2;1;;;;
/AnkiDroid/src/com/ichi2/libanki/Sched.java;2;2;1;;;;
/AnkiDroid/src/com/ichi2/libanki/Sched.java/Sched;2;2;-1;;;;
/AnkiDroid/src/com/ichi2/libanki/Sched.java/Sched/DeckNameCompare;2;2;-1;;;;
/AnkiDroid/src/com/ichi2/libanki/Sched.java/Sched/DueComparator;2;2;-1;;;;
/AnkiDroid/src/com/ichi2/libanki/Sound.java;2;2;1;;;;
/AnkiDroid/src/com/ichi2/libanki/Sound.java/Sound;2;2;-1;;;;
/AnkiDroid/src/com/ichi2/libanki/Sound.java/Sound/PlayAllCompletionListener;2;2;-1;;;;
/AnkiDroid/src/com/ichi2/libanki/Sound.java/Sound/playSound/;2;2;-1;;;;
/AnkiDroid/src/com/ichi2/libanki/Stats.java;2;3;1;;;;
/AnkiDroid/src/com/ichi2/libanki/Stats.java/Stats;2;2;-1;;;;
/AnkiDroid/src/com/ichi2/libanki/Stats.java/Stats/calculateBreakdown/;2;2;-1;;;;
/AnkiDroid/src/com/ichi2/libanki/Stats.java/Stats/ChartType;3;3;-1;;;;
/AnkiDroid/src/com/ichi2/libanki/Storage.java;2;2;1;;;;
/AnkiDroid/src/com/ichi2/libanki/sync;2;3;2;;;;
/AnkiDroid/src/com/ichi2/libanki/sync/FullSyncer.java;3;3;1;;;;
/AnkiDroid/src/com/ichi2/libanki/sync/HttpSyncer.java;2;3;1;;;;
/AnkiDroid/src/com/ichi2/libanki/sync/HttpSyncer.java/HttpSyncer;2;2;-1;;;;
/AnkiDroid/src/com/ichi2/libanki/sync/HttpSyncer.java/HttpSyncer/ProgressByteEntity;3;3;-1;;;;
/AnkiDroid/src/com/ichi2/libanki/sync/MediaSyncer.java;2;2;1;;;;
/AnkiDroid/src/com/ichi2/libanki/sync/RemoteMediaServer.java;3;3;1;;;;
/AnkiDroid/src/com/ichi2/libanki/sync/RemoteServer.java;3;3;1;;;;
/AnkiDroid/src/com/ichi2/libanki/sync/Syncer.java;2;2;1;;;;
/AnkiDroid/src/com/ichi2/libanki/Tags.java;2;2;1;;;;
/AnkiDroid/src/com/ichi2/libanki/Utils.java;2;3;1;;;;
/AnkiDroid/src/com/ichi2/libanki/Utils.java/Utils;2;2;-1;;;;
/AnkiDroid/src/com/ichi2/libanki/Utils.java/Utils/getImportableDecks/;2;2;-1;;;;
/AnkiDroid/src/com/ichi2/libanki/Utils.java/Utils/SqlCommandType;3;3;-1;;;;
/AnkiDroid/src/com/ichi2/preferences;4;5;2;;;;
/AnkiDroid/src/com/ichi2/preferences/CustomDialogPreference.java;4;4;1;;;;
/AnkiDroid/src/com/ichi2/preferences/NumberRangePreference.java;5;5;1;;;;
/AnkiDroid/src/com/ichi2/preferences/StepsPreference.java;5;5;1;;;;
/AnkiDroid/src/com/ichi2/themes;2;3;2;;;;
/AnkiDroid/src/com/ichi2/themes/HtmlColors.java;2;2;1;;;;
/AnkiDroid/src/com/ichi2/themes/StyledDialog.java;2;3;1;;;;
/AnkiDroid/src/com/ichi2/themes/StyledDialog.java/StyledDialog;3;3;-1;;;;
/AnkiDroid/src/com/ichi2/themes/StyledDialog.java/StyledDialog/Builder;2;2;-1;;;;
/AnkiDroid/src/com/ichi2/themes/StyledDialog.java/StyledDialog/Builder/create/;2;2;-1;;;;
/AnkiDroid/src/com/ichi2/themes/StyledDialog.java/StyledDialog/Builder/create/;2;2;-1;;;;
/AnkiDroid/src/com/ichi2/themes/StyledDialog.java/StyledDialog/Builder/create//onTextChanged/;2;2;-1;;;;
/AnkiDroid/src/com/ichi2/themes/StyledDialog.java/StyledDialog/filterList/;2;2;-1;;;;
/AnkiDroid/src/com/ichi2/themes/StyledDialog.java/StyledDialog/OnClickForwarder;2;2;-1;;;;
/AnkiDroid/src/com/ichi2/themes/StyledDialog.java/StyledDialog/setItems/;2;2;-1;;;;
/AnkiDroid/src/com/ichi2/themes/StyledDialog.java/StyledDialog/setItems/;2;2;-1;;;;
/AnkiDroid/src/com/ichi2/themes/StyledOpenCollectionDialog.java;3;3;1;;;;
/AnkiDroid/src/com/ichi2/themes/StyledProgressDialog.java;3;3;1;;;;
/AnkiDroid/src/com/ichi2/themes/Themes.java;2;2;1;;;;
/AnkiDroid/src/com/ichi2/upgrade;2;2;2;;;;
/AnkiDroid/src/com/ichi2/upgrade/Upgrade.java;2;2;1;;;;
/AnkiDroid/src/com/ichi2/utils;1;4;2;;;;
/AnkiDroid/src/com/ichi2/utils/Base64.java;2;4;1;;;;
/AnkiDroid/src/com/ichi2/utils/Base64.java/Base64;2;2;-1;;;;
/AnkiDroid/src/com/ichi2/utils/Base64.java/Base64/decodeToObject/;4;4;-1;;;;
/AnkiDroid/src/com/ichi2/utils/Base64.java/Base64/InputStream;4;4;-1;;;;
/AnkiDroid/src/com/ichi2/utils/Base64.java/Base64/OutputStream;4;4;-1;;;;
/AnkiDroid/src/com/ichi2/utils/BitmapUtil.java;2;2;1;;;;
/AnkiDroid/src/com/ichi2/utils/ConvUtils.java;2;2;1;;;;
/AnkiDroid/src/com/ichi2/utils/DiffEngine.java;2;3;1;;;;
/AnkiDroid/src/com/ichi2/utils/DiffEngine.java/DiffEngine;2;2;-1;;;;
/AnkiDroid/src/com/ichi2/utils/DiffEngine.java/DiffEngine/DiffAction;2;2;-1;;;;
/AnkiDroid/src/com/ichi2/utils/DiffEngine.java/DiffEngine/LinesToCharsResult;2;2;-1;;;;
/AnkiDroid/src/com/ichi2/utils/DiffEngine.java/DiffEngine/Operation;3;3;-1;;;;
/AnkiDroid/src/com/ichi2/utils/DiskUtil.java;2;2;1;;;;
/AnkiDroid/src/com/ichi2/utils/ExifUtil.java;2;2;1;;;;
/AnkiDroid/src/com/ichi2/utils/HtmlUtil.java;2;2;1;;;;
/AnkiDroid/src/com/ichi2/utils/HttpUtility.java;2;2;1;;;;
/AnkiDroid/src/com/ichi2/utils/JSONNameComparator.java;2;2;1;;;;
/AnkiDroid/src/com/ichi2/utils/LanguageUtil.java;2;2;1;;;;
/AnkiDroid/src/com/ichi2/utils/MethodLogger.java;2;2;1;;;;
/AnkiDroid/src/com/ichi2/utils/Threads.java;1;2;1;;;;
/AnkiDroid/src/com/ichi2/utils/Threads.java/Threads;2;2;-1;;;;
/AnkiDroid/src/com/ichi2/utils/Threads.java/Threads/SingleThreadChecker;2;2;-1;;;;
/AnkiDroid/src/com/ichi2/utils/Threads.java/Threads/ThreadChecker;1;1;-1;;;;
/AnkiDroid/src/com/ichi2/widget;1;5;2;;;;
/AnkiDroid/src/com/ichi2/widget/AnkiDroidWidgetMedium.java;3;5;1;;;;
/AnkiDroid/src/com/ichi2/widget/AnkiDroidWidgetMedium.java/AnkiDroidWidgetMedium;4;4;-1;;;;
/AnkiDroid/src/com/ichi2/widget/AnkiDroidWidgetMedium.java/AnkiDroidWidgetMedium/UpdateService;5;5;-1;;;;
/AnkiDroid/src/com/ichi2/widget/AnkiDroidWidgetMedium.java/AnkiDroidWidgetMedium/UpdateService/buildUpdate/;3;3;-1;;;;
/AnkiDroid/src/com/ichi2/widget/AnkiDroidWidgetSmall.java;3;5;1;;;;
/AnkiDroid/src/com/ichi2/widget/AnkiDroidWidgetSmall.java/AnkiDroidWidgetSmall;4;4;-1;;;;
/AnkiDroid/src/com/ichi2/widget/AnkiDroidWidgetSmall.java/AnkiDroidWidgetSmall/UpdateService;5;5;-1;;;;
/AnkiDroid/src/com/ichi2/widget/AnkiDroidWidgetSmall.java/AnkiDroidWidgetSmall/UpdateService/buildUpdate/;3;3;-1;;;;
/AnkiDroid/src/com/ichi2/widget/DeckStatus.java;2;2;1;;;;
/AnkiDroid/src/com/ichi2/widget/PopupMenuWithIcons.java;1;1;1;;;;
/AnkiDroid/src/com/ichi2/widget/WidgetStatus.java;2;4;1;;;;
/AnkiDroid/src/com/ichi2/widget/WidgetStatus.java/WidgetStatus;2;2;-1;;;;
/AnkiDroid/src/com/ichi2/widget/WidgetStatus.java/WidgetStatus/UpdateDeckStatusAsyncTask;4;4;-1;;;;
/AnkiDroid/src/com/samskivert/mustache;1;5;2;;;;
/AnkiDroid/src/com/samskivert/mustache/Mustache.java;1;5;1;;;;
/AnkiDroid/src/com/samskivert/mustache/Mustache.java/Mustache;2;2;-1;;;;
/AnkiDroid/src/com/samskivert/mustache/Mustache.java/Mustache/Accumulator;2;2;-1;;;;
/AnkiDroid/src/com/samskivert/mustache/Mustache.java/Mustache/Accumulator/addTagSegment/;3;3;-1;;;;
/AnkiDroid/src/com/samskivert/mustache/Mustache.java/Mustache/Accumulator/addTagSegment/;3;3;-1;;;;
/AnkiDroid/src/com/samskivert/mustache/Mustache.java/Mustache/Compiler;2;2;-1;;;;
/AnkiDroid/src/com/samskivert/mustache/Mustache.java/Mustache/CompoundSegment;4;4;-1;;;;
/AnkiDroid/src/com/samskivert/mustache/Mustache.java/Mustache/InvertedSectionSegment;5;5;-1;;;;
/AnkiDroid/src/com/samskivert/mustache/Mustache.java/Mustache/NamedSegment;3;3;-1;;;;
/AnkiDroid/src/com/samskivert/mustache/Mustache.java/Mustache/SectionSegment;5;5;-1;;;;
/AnkiDroid/src/com/samskivert/mustache/Mustache.java/Mustache/StringSegment;3;3;-1;;;;
/AnkiDroid/src/com/samskivert/mustache/Mustache.java/Mustache/VariableFetcher;1;1;-1;;;;
/AnkiDroid/src/com/samskivert/mustache/Mustache.java/Mustache/VariableSegment;4;4;-1;;;;
/AnkiDroid/src/com/samskivert/mustache/MustacheException.java;5;5;1;;;;
/AnkiDroid/src/com/samskivert/mustache/Template.java;2;3;1;;;;
/AnkiDroid/src/com/samskivert/mustache/Template.java/Template;2;2;-1;;;;
/AnkiDroid/src/com/samskivert/mustache/Template.java/Template/Context;2;2;-1;;;;
/AnkiDroid/src/com/samskivert/mustache/Template.java/Template/MAP_FETCHER/;2;2;-1;;;;
/AnkiDroid/src/com/samskivert/mustache/Template.java/Template/Mode;3;3;-1;;;;
/AnkiDroid/src/com/samskivert/mustache/Template.java/Template/Segment;2;2;-1;;;;
/AnkiDroid/src/com/wildplot/android/parsing;1;6;2;;;;
/AnkiDroid/src/com/wildplot/android/parsing/Atom.java;2;3;1;;;;
/AnkiDroid/src/com/wildplot/android/parsing/Atom.java/Atom;2;2;-1;;;;
/AnkiDroid/src/com/wildplot/android/parsing/Atom.java/Atom/AtomType;3;3;-1;;;;
/AnkiDroid/src/com/wildplot/android/parsing/AtomTypes;2;3;2;;;;
/AnkiDroid/src/com/wildplot/android/parsing/AtomTypes/FunctionXAtom.java;2;2;1;;;;
/AnkiDroid/src/com/wildplot/android/parsing/AtomTypes/FunctionXYAtom.java;2;2;1;;;;
/AnkiDroid/src/com/wildplot/android/parsing/AtomTypes/MathFunctionAtom.java;2;3;1;;;;
/AnkiDroid/src/com/wildplot/android/parsing/AtomTypes/MathFunctionAtom.java/MathFunctionAtom;2;2;-1;;;;
/AnkiDroid/src/com/wildplot/android/parsing/AtomTypes/MathFunctionAtom.java/MathFunctionAtom/MathType;3;3;-1;;;;
/AnkiDroid/src/com/wildplot/android/parsing/AtomTypes/NumberAtom.java;2;2;1;;;;
/AnkiDroid/src/com/wildplot/android/parsing/AtomTypes/VariableAtom.java;2;2;1;;;;
/AnkiDroid/src/com/wildplot/android/parsing/AtomTypes/XVariableAtom.java;2;2;1;;;;
/AnkiDroid/src/com/wildplot/android/parsing/AtomTypes/YVariableAtom.java;2;2;1;;;;
/AnkiDroid/src/com/wildplot/android/parsing/Expression.java;2;3;1;;;;
/AnkiDroid/src/com/wildplot/android/parsing/Expression.java/Expression;2;2;-1;;;;
/AnkiDroid/src/com/wildplot/android/parsing/Expression.java/Expression/ExpressionType;3;3;-1;;;;
/AnkiDroid/src/com/wildplot/android/parsing/ExpressionFormatException.java;6;6;1;;;;
/AnkiDroid/src/com/wildplot/android/parsing/Factor.java;2;3;1;;;;
/AnkiDroid/src/com/wildplot/android/parsing/Factor.java/Factor;2;2;-1;;;;
/AnkiDroid/src/com/wildplot/android/parsing/Factor.java/Factor/FactorType;3;3;-1;;;;
/AnkiDroid/src/com/wildplot/android/parsing/Pow.java;2;3;1;;;;
/AnkiDroid/src/com/wildplot/android/parsing/Pow.java/Pow;2;2;-1;;;;
/AnkiDroid/src/com/wildplot/android/parsing/Pow.java/Pow/PowType;3;3;-1;;;;
/AnkiDroid/src/com/wildplot/android/parsing/Term.java;2;3;1;;;;
/AnkiDroid/src/com/wildplot/android/parsing/Term.java/Term;2;2;-1;;;;
/AnkiDroid/src/com/wildplot/android/parsing/Term.java/Term/TermType;3;3;-1;;;;
/AnkiDroid/src/com/wildplot/android/parsing/TopLevelParser.java;2;2;1;;;;
/AnkiDroid/src/com/wildplot/android/parsing/TreeElement.java;1;1;1;;;;
/AnkiDroid/src/com/wildplot/android/rendering;2;2;2;;;;
/AnkiDroid/src/com/wildplot/android/rendering/BarGraph.java;2;2;1;;;;
/AnkiDroid/src/com/wildplot/android/rendering/DrawableContainer.java;2;2;1;;;;
/AnkiDroid/src/com/wildplot/android/rendering/FunctionDrawer.java;2;2;1;;;;
/AnkiDroid/src/com/wildplot/android/rendering/FunctionDrawer_y.java;2;2;1;;;;
/AnkiDroid/src/com/wildplot/android/rendering/graphics/wrapper;2;3;2;;;;
/AnkiDroid/src/com/wildplot/android/rendering/graphics/wrapper/BasicStrokeWrap.java;3;3;1;;;;
/AnkiDroid/src/com/wildplot/android/rendering/graphics/wrapper/BufferedImageWrap.java;2;2;1;;;;
/AnkiDroid/src/com/wildplot/android/rendering/graphics/wrapper/ColorWrap.java;2;2;1;;;;
/AnkiDroid/src/com/wildplot/android/rendering/graphics/wrapper/FontMetricsWrap.java;2;2;1;;;;
/AnkiDroid/src/com/wildplot/android/rendering/graphics/wrapper/GraphicsWrap.java;2;2;1;;;;
/AnkiDroid/src/com/wildplot/android/rendering/graphics/wrapper/RectangleWrap.java;2;2;1;;;;
/AnkiDroid/src/com/wildplot/android/rendering/graphics/wrapper/StrokeWrap.java;2;2;1;;;;
/AnkiDroid/src/com/wildplot/android/rendering/Integral.java;2;2;1;;;;
/AnkiDroid/src/com/wildplot/android/rendering/interfaces;1;1;2;;;;
/AnkiDroid/src/com/wildplot/android/rendering/interfaces/Drawable.java;1;1;1;;;;
/AnkiDroid/src/com/wildplot/android/rendering/interfaces/Function2D.java;1;1;1;;;;
/AnkiDroid/src/com/wildplot/android/rendering/interfaces/Function3D.java;1;1;1;;;;
/AnkiDroid/src/com/wildplot/android/rendering/interfaces/Legendable.java;1;1;1;;;;
/AnkiDroid/src/com/wildplot/android/rendering/interfaces/StepFunction2D.java;1;1;1;;;;
/AnkiDroid/src/com/wildplot/android/rendering/LegendDrawable.java;2;2;1;;;;
/AnkiDroid/src/com/wildplot/android/rendering/Lines.java;2;2;1;;;;
/AnkiDroid/src/com/wildplot/android/rendering/LinesPoints.java;2;2;1;;;;
/AnkiDroid/src/com/wildplot/android/rendering/MultiScreenPart.java;2;2;1;;;;
/AnkiDroid/src/com/wildplot/android/rendering/PieChart.java;2;2;1;;;;
/AnkiDroid/src/com/wildplot/android/rendering/PlotSheet.java;2;2;1;;;;
/AnkiDroid/src/com/wildplot/android/rendering/PointDrawer2D.java;2;2;1;;;;
/AnkiDroid/src/com/wildplot/android/rendering/RelativeColorGradient.java;2;2;1;;;;
/AnkiDroid/src/com/wildplot/android/rendering/ReliefDrawer.java;2;2;1;;;;
/AnkiDroid/src/com/wildplot/android/rendering/ReliefDrawer.java/ReliefDrawer;2;2;-1;;;;
/AnkiDroid/src/com/wildplot/android/rendering/ReliefDrawer.java/ReliefDrawer/DepthSearcher;2;2;-1;;;;
/AnkiDroid/src/com/wildplot/android/rendering/ReliefDrawer.java/ReliefDrawer/PartRenderer;2;2;-1;;;;
/AnkiDroid/src/com/wildplot/android/rendering/ReliefDrawer.java/ReliefDrawer/ReliefLegend;2;2;-1;;;;
/AnkiDroid/src/com/wildplot/android/rendering/XAxis.java;2;2;1;;;;
/AnkiDroid/src/com/wildplot/android/rendering/XAxisBarGraph.java;2;2;1;;;;
/AnkiDroid/src/com/wildplot/android/rendering/XAxisHistoGram.java;2;2;1;;;;
/AnkiDroid/src/com/wildplot/android/rendering/XGrid.java;2;2;1;;;;
/AnkiDroid/src/com/wildplot/android/rendering/YAxis.java;2;2;1;;;;
/AnkiDroid/src/com/wildplot/android/rendering/YAxisBarGraph.java;2;2;1;;;;
/AnkiDroid/src/com/wildplot/android/rendering/YAxisHistoGram.java;2;2;1;;;;
/AnkiDroid/src/com/wildplot/android/rendering/YGrid.java;2;2;1;;;;
/AnkiDroid/src/org/amr/arabic;2;2;2;;;;
/AnkiDroid/src/org/amr/arabic/ArabicReshaper.java;2;2;1;;;;
/AnkiDroid/src/org/amr/arabic/ArabicReshaper.java/ArabicReshaper;2;2;-1;;;;
/AnkiDroid/src/org/amr/arabic/ArabicReshaper.java/ArabicReshaper/DecomposedWord;2;2;-1;;;;
/AnkiDroid/src/org/amr/arabic/ArabicUtilities.java;2;2;1;;;;
/AnkiDroid/src/org/apache/commons/httpclient/contrib/ssl;2;2;2;;;;
/AnkiDroid/src/org/apache/commons/httpclient/contrib/ssl/EasySSLSocketFactory.java;2;2;1;;;;
/AnkiDroid/src/org/apache/commons/httpclient/contrib/ssl/EasyX509TrustManager.java;2;2;1;;;;
